id_seq,description,sequence,id,organism,genero,primaryAccession,taxonID,is_fungal,ec_number_list,length_seq
sp|A0A336U966|TYRP_ASPTE,sp|A0A336U966|TYRP_ASPTE Tyrosinase P OS=Aspergillus terreus OX=33178 GN=tyrP PE=1 SV=1,MGFYRNLVLVAASCTQALGLCPAPRCDSPDIRHEWGELSREDRLSYISAVQCMKDRPPELSVEEVPAVRSRYDDFTAVHINYTLQIHNSGIFLPWHRHFIWLWEKALREECGFTGTLPYWDWVMWPNLAASPLFDGTETSLSGDGEFNATEQPTELNPEPGLTITIPRGAGGGCVRTGPFKDWVINMGPFAFNESYEPALPDHAFDYNPRCLVRSLNDWVIQTYNNQTVVDTLLDSPDIVEFQNIMGGFPNPPIPIGPHAMGHRSLGPDMLDFFASPQDPAFWQHHGMVDRLWTVWQDADEPWRRFALNGSSTTWYKDDTPEVTLQTTVEFGILDEPRPLYELMSPTAGPYCYTYT,A0A336U966,Aspergillus terreus,Aspergillus,A0A336U966,33178,True,1.14.18.-,356
sp|B0Y4X4|MPKA_ASPFC,sp|B0Y4X4|MPKA_ASPFC Mitogen-activated protein kinase mpkA OS=Aspergillus fumigatus (strain CBS 144.89 / FGSC A1163 / CEA10) OX=451804 GN=mpkA PE=1 SV=1,MSDLQGRKVFKVFNQDFIVDERYNVTKELGQGAYGIVCAATNVHTGEGVAIKKVTNVFSKKILAKRALREIKLLQHFRGHRNITCLYDMDIPRPDNFNETYLYEELMECDLAAIIRSGQPLTDAHFQSFIYQILCGLKYIHSANVLHRDLKPGNLLVNADCELKICDFGLARGFSIDPEENAGYMTEYVATRWYRAPEIMLSFQSYTKAIDVWSVGCILAELLGGRPFFKGRDYVDQLNQILHYLGTPNEETLSRIGSPRAQEYVRNLPFMPKIPFQRLFPNANPDALDLLDRMLAFDPASRISVEEALEHPYLHIWHDASDEPTCPTTFDFHFEVVDDVQEMRKMIYDEVVRFRNLVRQQSQAQAAAAAQQQQQQIAQQTNVPIPDHQQGGWKQEEPKPQEVHAAGGHVNDLESSLQRGMDVQ,B0Y4X4,Aspergillus fumigatus,Aspergillus,B0Y4X4,451804,True,2.7.11.24,424
sp|E9RBR0|ABR2_ASPFU,sp|E9RBR0|ABR2_ASPFU Laccase abr2 OS=Aspergillus fumigatus (strain ATCC MYA-4609 / CBS 101355 / FGSC A1100 / Af293) OX=330879 GN=abr2 PE=1 SV=1,MWYQSASLLGVAAVAQAATVHYSLDLTWETGSPNGVSREMIFVNGQFPGPAIILNEGDEAIIDVTNHLPFNTSIHFHGIEQKNTPWADGVVGLSQWAIQPGQSYTYQWRADTYGTYWYHAHDKAEIMDGLYGPVHIRPRPNRDSPFSMISDDPADIRAMKQAERNGKLVMLSDWDHLTGQEYMKAMEETGYDIFCSDSVLINGRGSVFCHDPEELTQMVPPPELAILNSSLTDKGCLPFVPPIQGNWEHHPDKVPPGLNEGCHPSTTQETIFTVDAAHQWASFHFISAASLKVLVVSIDEHPMYVYEVDGRYIEPQLAHSVKLYNGERYSVMVKLDKEPANYKMRAANDGGNQIVSGFATVTYEGGETSQRPSQPYIDYGSRNTSADVIPLDTNHLPPYPAISPASEPDDFHILMLGRTNSSWEWSLDGAAFLPSNLAALPPAILSPQAPEFADALKITTRNDTWVDIVFQLVVSETTPIQPPHPLHKHSNKGFLLGTGHGKFNWTSIKEAKEASPESFLETPVYRDTFTTSPQGETWTAIRYHVENPGPFLLHCHMTTHLQSGMGLILMDGVDVWPEVYADMITPM,E9RBR0,Aspergillus fumigatus,Aspergillus,E9RBR0,330879,True,1.10.3.-,587
sp|J9VHN6|X325_CRYNH,sp|J9VHN6|X325_CRYNH Copper acquisition factor BIM1 OS=Cryptococcus neoformans var. grubii serotype A (strain H99 / ATCC 208821 / CBS 10515 / FGSC 9487) OX=235443 GN=BIM1 PE=1 SV=1,MFALKSILVTSLITSTALAHFTLDYPQSRGFVDDTENQFCGGFNTVEARQPFPLGSGPVHIDSHHALATIVAFISTSSNPTSFDDFNTTSNGTAIPLASSIFQVPQGEKCFNIDLQSLNVGLTNGSEVTLQIQYDGGDGNLYQCSDLVLIEGYEVPSNETCTNDASKASNATSTSSGSATATSAAATSSSSGTSGAIKEVVGFGALSLALGIAGLIIL,J9VHN6,Cryptococcus neoformans var. grubii serotype A,Cryptococcus,J9VHN6,235443,True,,218
sp|J9VND2|CDA2_CRYNH,sp|J9VND2|CDA2_CRYNH Chitin deacetylase 2 OS=Cryptococcus neoformans var. grubii serotype A (strain H99 / ATCC 208821 / CBS 10515 / FGSC 9487) OX=235443 GN=CDA2 PE=1 SV=1,MIPSTAAALLTLTAGAAFAHTGCGGHEIGRRNVGGPMLYRRAVTDEASAAVSTDINTECTAYSYAPVTELISSFPTIWQTASIPSNDTEAQQLFGKINSTLNTKIPNDVPHGTPTGDWTGVNYSNSDPDCWWTHNKCTTPSNDTGLQADISIAPEPMTWGLGFDDGPNCSHNALYDLLLENNQKATMFFIGSNVLDWPLQAMRAHDEGHEICVHTWSHQYMTALSNEVVFAELYYTQKAIKAVLGVTPQCWRPPYGDVDNRVRMIAEGLNLTTIIWSDDTDDWAAGTNGVTEQDVTNNYQSVIDKAGNGTYTTHGPVVLNHELTNYTMSVFMTMFPKIKSAFNYIVPICTAYNITQPYAESNITCPNFETYISGVTNISSSTTQKDGSSSTNTASGSGAAGSASATSSSDDSSSSGGSSGSSGSNNASSGALGMFDSLSGVGLILGGVVAGVMLL,J9VND2,Cryptococcus neoformans var. grubii serotype A,Cryptococcus,J9VND2,235443,True,3.5.1.41,455
sp|J9VPD7|CDA1_CRYNH,sp|J9VPD7|CDA1_CRYNH Chitin deacetylase 1 OS=Cryptococcus neoformans var. grubii serotype A (strain H99 / ATCC 208821 / CBS 10515 / FGSC 9487) OX=235443 GN=CDA1 PE=1 SV=1,MFTFAAFSALLISLAGVVAQTTGTSVDSSILTKTADSTGPSGFSIPALSELTSGAPTDSTVALYSTFAAGATPTVSGAPVLPTSALTIADYPALDVTPPTNSSLVKDWMAKIDLSKVPSYNVTTGDCSTDAAAISDGRCWWTCGGCTRETDIVECPDKNVWGLSYDDGPSPFTPLLIDYLQEKNIKTTFFVVGSRVLSRPEMLQTEYMSGHQISIHTWSHPALTTLTNEEIVAELGWTMKVIKDTLGVTPNTFRPPYGDIDDRVRAIAAQMGLTPVIWTSYTDGSTTVNFDTNDWHISGGTATGASSYETFEKILTEYAPKLDTGFITLEHDIYQQSVDLAVGYILPQVLANGTYQLKSIINCLGKDTSEAYIETSSNQTTTQITAATGSQSTFFQPIVGTATGAEVSAPSEATGSTAAGSAASTTSGSGASASTGAASNTSSSGSGRSATMGGALIALAAVAVGMVYVA,J9VPD7,Cryptococcus neoformans var. grubii serotype A,Cryptococcus,J9VPD7,235443,True,3.5.1.41,470
sp|O13465|UREA_CRYNH,sp|O13465|UREA_CRYNH Urease OS=Cryptococcus neoformans var. grubii serotype A (strain H99 / ATCC 208821 / CBS 10515 / FGSC 9487) OX=235443 GN=URE1 PE=1 SV=3,MHLLPRETDKLILTTLGTLAQRRLARGLILNRAETIALISSQLQEFVRDGRHSVAELMDLGKKMLGRRHVRKGVPESIHTIQVEGTFPDGVFLVTVDDPISSDDGDLNNAFYGSFLPIPSADVFPAAPEPADTLLGALICRKETVKINASRRRFRLEVKNAGDRPVQVGSHYHFLETNPALIFDRLLSYGYHLDIPAGTAVRFEPGEKKTVTMVEFGGKKIFHGGSGLGNGSFDENLRETKVKEMVEKGGFGHKEQEKIEEGPVTEMNREVYASMFGPTTGDKIKLADMDLWIEVEKDYTVYGDECKFGGGKVIRDGGGQASGRHDHEVLDLVITNALIVDWTGIYKADIGVKNGIIVGIGKAGNPDMMDGVTDGMIVGSSTEVISGEKLITTAGALDVHVHYISPQLMTEALASGITTVIGGGTGPADGSNATTCTSSSFYMQNMIKATDTIPLNFGFTGKGSDSGTNAMRDIIEAGACGLKVHEDWGATPEVIDRALSMADEYDVQINLHSDTLNESGYVESTLAAIKGRTIHSYHTEGAGGGHAPDIIVVCEYENVLPSSTNPTRPYAVNTLDEHLDMLMICHGLDKSIPEDIAFADSRIRSETVAAEDVLQDTGAISMISSDCQAMGRIGEVVTRTWRTAAKMKQFRGPLEGDEPTRDNNRVKRYVAKYTINPAITHGMSHLIGQVAVGCLADLVFWTAESFGARPEMILKGGVIAWAAVGDANASIPTVQPVLGRPMWGSQPEAAALNSIVWVSQASLDKDLVKRFNIKKRAEAVKNCRSIGKKDMKWNDTMPKMTVDPETYDVRADGVLCDVPPADKLPLTRRYFVY,O13465,Cryptococcus neoformans var. grubii serotype A,Cryptococcus,O13465,235443,True,3.5.1.5,833
sp|O14434|ARP1_ASPFU,sp|O14434|ARP1_ASPFU Scytalone dehydratase arp1 OS=Aspergillus fumigatus (strain ATCC MYA-4609 / CBS 101355 / FGSC A1100 / Af293) OX=330879 GN=arp1 PE=2 SV=1,MVEKKPNLTLEFHDYLALKKVLFDWADSYDAKDWDRLRSIIAPTLTVDYRQIGLRKWDDMPAEDYMAMISDMDFLGDPTVKTQHLLGESWWEKISDTEVIGHHQLRAAHQVYTDSTLQTVKLKGHGHATNEHYYRKVDGVWKFAGLKPTVRWNEYQFEDVFRAAKPSV,O14434,Aspergillus fumigatus,Aspergillus,O14434,330879,True,4.2.1.94,168
sp|P56221|SCYD_PYRO7,sp|P56221|SCYD_PYRO7 Scytalone dehydratase OS=Pyricularia oryzae (strain 70-15 / ATCC MYA-4617 / FGSC 8958) OX=242507 GN=SDH1 PE=1 SV=1,MGSQVQKSDEITFSDYLGLMTCVYEWADSYDSKDWDRLRKVIAPTLRIDYRSFLDKLWEAMPAEEFVGMVSSKQVLGDPTLRTQHFIGGTRWEKVSEDEVIGYHQLRVPHQRYKDTTMKEVTMKGHAHSANLHWYKKIDGVWKFAGLKPDIRWGEFDFDRIFEDGRETFGDK,P56221,Pyricularia oryzae,Pyricularia,P56221,242507,True,4.2.1.94,172
sp|P82476|CDA3_CRYNH,sp|P82476|CDA3_CRYNH Chitin deacetylase 3 OS=Cryptococcus neoformans var. grubii serotype A (strain H99 / ATCC 208821 / CBS 10515 / FGSC 9487) OX=235443 GN=CDA3 PE=1 SV=3,MYGHLSLSALSLFAVVAAAPFRESWLQPRDSPVSQLFRRTAPDPNSNDYMSYYPGPGSTPNVSTIPQAWLDKLATVNLPNVPVATPDGGRPTYPNNEDDGDSTICSFTDQCRVEDDLYSPPGEKIWALSFDDGPTDVSPALYDYLAQNNISSSATHFMIGGNVITSPQSVLVAVKAGGHLAVHTWSHPYMTTLTNEQVVGELGWTMQALSDLNGGRIPMYWRPPYGDVDNRVRAIAKEVFGLVTVLWDSDTNDWAITDEPGQYSVASVEAYFDTLVTGNRTQGLLLLEHELDNNTVEVFETEYPKAVGNGWTVKNVADAFNMEWYLNSGKGNNDVVTTMSVAGTLTTATPTNTSTYVASSTAASSASVTDSAGVSIASAASSEASSSWAIANRPSHFVIAIACGLALAAIMV,P82476,Cryptococcus neoformans var. grubii serotype A,Cryptococcus,P82476,235443,True,3.5.1.41,412
sp|Q0CRX0|TYRP_ASPTN,sp|Q0CRX0|TYRP_ASPTN Tyrosinase P OS=Aspergillus terreus (strain NIH 2624 / FGSC A1156) OX=341663 GN=tyrP PE=1 SV=2,MGFYRNLVLVAASCTQALGLCPAPRCDSPDIRHEWGELSREDRLSYISAVQCMKDRPPELSVEEVPAVRSRYDDFTAVHINYTLQIHNSGIFLPWHRHFIWLWEKALREECGFTGTLPYWDWVMWPNLAASPLFDGTETSLSGDGEFNATEQPTELNPEPGLTITIPRGAGGGCVRTGPFKDWVINMGPFAFNESYEPALPDHAFDYNPRCLVRSLNDWVIQTYNNQTVVDTLLDSPDIVEFQNIMGGFPNPPIPIGPHAMGHRSLGPDMLDFFASPQDPAFWQHHGMVDRLWTVWQDADEPWRRFALNGSSTTWYKDDTPEVTLQTTVEFGILDEPRPLYELMSPTAGPYCYTYT,Q0CRX0,Aspergillus terreus,Aspergillus,Q0CRX0,341663,True,1.14.18.-,356
sp|Q4WHT9|HMGA_ASPFU,"sp|Q4WHT9|HMGA_ASPFU Homogentisate 1,2-dioxygenase hmgA OS=Aspergillus fumigatus (strain ATCC MYA-4609 / CBS 101355 / FGSC A1100 / Af293) OX=330879 GN=hmgA PE=1 SV=1",MPVTQFSHPDPYSYQTGFDSYHETEAVKGALPVGQNSPQKAPYGLYAEKLSGTAFTAPRHENKQTWVYRILPAAAHENFKAEDADSYHTSMTTETHKLHHIPNQLRWDPFDLDETVDWVHGLHLVAGAGDPTLKHGLGIILYAAGKDMGKEAFYSADGDFLIVPQHGVLDIQTELGRLMVRPNEICVIPRGVRYRVTLPAGPVRGYICELYQGHYQLPELGPIGSNCLANARDFQAPVASFEDEEEPTEWRLYSKFNNTLFSARQDHTPFDIVAWHGNYYPYKYDLGRFNTIGSISFDHPDPSIFTVLTGPSDHAGTAIADFVIFPPRWLVAENTFRPPWYHRNTMSEFMGLICGNYDAKTGGGFQPAGASLHNVMSAHGPDADAFEGASNAELKPQKVGDGSMAFMFESCLMVGVSEWGLKTCQKVQEQYNEHSWRPLKRHFKNPNKA,Q4WHT9,Aspergillus fumigatus,Aspergillus,Q4WHT9,330879,True,1.13.11.5,449
sp|Q4WQR3|MPKA_ASPFU,sp|Q4WQR3|MPKA_ASPFU Mitogen-activated protein kinase mpkA OS=Aspergillus fumigatus (strain ATCC MYA-4609 / CBS 101355 / FGSC A1100 / Af293) OX=330879 GN=mpkA PE=1 SV=1,MSDLQGRKVFKVFNQDFIVDERYNVTKELGQGAYGIVCAATNVHTGEGVAIKKVTNVFSKKILAKRALREIKLLQHFRGHRNITCLYDMDIPRPDNFNETYLYEELMECDLAAIIRSGQPLTDAHFQSFIYQILCGLKYIHSANVLHRDLKPGNLLVNADCELKICDFGLARGFSIDPEENAGYMTEYVATRWYRAPEIMLSFQSYTKAIDVWSVGCILAELLGGRPFFKGRDYVDQLNQILHYLGTPNEETLSRIGSPRAQEYVRNLPFMPKIPFQRLFPNANPDALDLLDRMLAFDPASRISVEEALEHPYLHIWHDASDEPTCPTTFDFHFEVVDDVQEMRKMIYDEVVRFRNLVRQQSQAQAAAAAQQQQQQIAQQTNVPIPDHQQGGWKQEEPKPQEVHAAGGHVNDLESSLQRGMDVQ,Q4WQR3,Aspergillus fumigatus,Aspergillus,Q4WQR3,330879,True,2.7.11.24,424
sp|Q4WZB3|AYG1_ASPFU,sp|Q4WZB3|AYG1_ASPFU Heptaketide hydrolyase ayg1 OS=Aspergillus fumigatus (strain ATCC MYA-4609 / CBS 101355 / FGSC A1100 / Af293) OX=330879 GN=ayg1 PE=1 SV=1,MPRWILGDKFDTVFPHKGSLKVLWESRWKSACSKSVYPFHDGSIEDFEPIFNHLISKNINDAASDEYTQAFLPTASALEEKAAQALQAGKHEEASNLLCRAAVVYRISRFPYVDITKPSSIKRVAFERQKQAYLKATSLWTQPIREVTVPHTYRTGNDGAHIPIYIRTPAGADQSNPVPIVLIMTGLDGYRSDNSQRTHEILARGWAAVVAEIPGTADCPADPADPASPDRLWDSVLSYLDQRPELNTAKMVVWGLSAGGYYAIRAAHTHRDRLLGAIAHGPGCHYYLDPEWLAKVNDHEYPFEITAAWATKHGYKTVEEFVAGAQKKFSLVETGIVDQPSCRLLLLNGVDDGVVPIEDCLVLFEHGSPKEGRFYKGLPHMGYPNSLPVSYEWLEQVLASPSKTKN,Q4WZB3,Aspergillus fumigatus,Aspergillus,Q4WZB3,330879,True,3.7.1.-,406
sp|Q4WZB4|ABR1_ASPFU,sp|Q4WZB4|ABR1_ASPFU Multicopper oxidase abr1 OS=Aspergillus fumigatus (strain ATCC MYA-4609 / CBS 101355 / FGSC A1100 / Af293) OX=330879 GN=abr1 PE=2 SV=2,MFHSRALLLSWLVGFTAAKDIHLDWNITWVWAAPDGFGRPMIGINNEWPCPIVNADLGDRLIVDVHNGLGNQSTGIHWHGFHQYMTGTMDGSNQVTQCALPPGSSMRYEFDVNQTGTYWYHSHEMGQYPDGLRGPFIVRDPSPPFAYDDEFTLTLTDHYHEQMSVLLQQYEADSVGAQAGVNEPLPAAALINEGFDTTTLRVEPNKTYLIHLVCVGNWPGHVIVFDDHEISVVEVDGTWVDAYPARDKKIRLATGQRMSILLKTKDNTDRNYAIWDSMDVNMMFFYQNRAIPEGFNPNTTAWLVYDEAKELPPAPDVHELDPNNDFVDDLVFVPASHEPLLEKVDRQIIFDTGVTQRDGRSVYTINGQTYVDPEEPTLYTALAASPENASNASLYGQVNPFVVQYGEVVEIIINNHHGNLHPWHMHGHQFQVLQRTIPEGGYFDGYFANISSTPVKRDTIMVQNHGHAVLRFRANNPGVWLIHCHIEWHVTKGLTGTLIEAPAQMHKISVPLDHQRICPSYGTPPGGTPSSPPHDAPRPDGASGSPQYPPKPWGEPDASAPEQDDSQPGGTPDSPEDFPQPWGEPEESPQEPPQPWSPSNNAQPPANTYAPEYPSGYVPVAPGPVIIDSELHYGGKSSHVECSGVNAGHTQDTTTGGDGCANAS,Q4WZB4,Aspergillus fumigatus,Aspergillus,Q4WZB4,330879,True,1.-.-.-,664
sp|Q4X1W0|PPTA_ASPFU,sp|Q4X1W0|PPTA_ASPFU 4'-phosphopantetheinyl transferase A OS=Aspergillus fumigatus (strain ATCC MYA-4609 / CBS 101355 / FGSC A1100 / Af293) OX=330879 GN=pptA PE=1 SV=1,MGSAQNERIPSLTRWYIDTRQLTVTNPSLPLLEALQPSDQEAVKRFYHLRDRHMSLASNLLKYLFIHRSCCIPWNKISISRTPDPHRRPCFIPSPALTEATDEPIPGIEFNVSHQASLVALAGTIIPQSHGASPNPTTVFANPSPSSVPAPSVPQVGIDITCVDERHARTSSAPSTRDQLAGYVDIFAEVFSSRELDTIKNLGGRFPADAQDGEAVEYGLRLFYTYWALKEAYIKMTGEALLAPWLRELEFTDVIAPEPAPAPGQGSAENWGEPYTGVKIWLYGKRVEDVRIEVVAFETGYIFATAARGAGLGAESRPLSRDAGVAVSVDRWMHMEKIDIDRDIAPCATGVCQCTKKQP,Q4X1W0,Aspergillus fumigatus,Aspergillus,Q4X1W0,330879,True,2.7.8.7,359
sp|Q55U20|CDA2_CRYNB,sp|Q55U20|CDA2_CRYNB Chitin deacetylase 2 OS=Cryptococcus neoformans var. neoformans serotype D (strain B-3501A) OX=283643 GN=CDA2 PE=1 SV=1,MIPSTAAAALLTLTAGVALAHPGCGGQEIGRRNVGGPMVYRRDVTDEASAAASTDVNTECTAYGYAPVTEIASSFPTIWETASILSNDTEGQQLFATINSTLNTKLPNDVPHGTPTGDWTGVNYNSSDPDCWWTHNKCTTPASDTGLEADITIVPEPMTWGLGFDDGPNCSHNALYNLLSENNQKATMFFIGSNVMDWPLQAMRAHDEGHQICVHTWSHQYMTALSNEVVFAELYYTQKAIKAVLGVTPQCWRPPYGDVDNRVRMIAQALNLTTIIWSDDTDDWAAGTDGVTEQDVTDNYQAVIDKAGNGTYTTHGPVVLNHELTNYTMSVFMTMFPKIKSAFSYIVPMCTAYNITQPYLESNVTCPNFETYISGVTNISSSTTQKDGSSSTNTSSSGSGSAAGSASATSSSDDSSSSGSASASSSSSNASSGALGMFDGLSGVGLVLSGVVAGVMLL,Q55U20,Cryptococcus neoformans var. neoformans serotype D,Cryptococcus,Q55U20,283643,True,3.5.1.41,458
sp|A0A0D1DZT6|GBP2_MYCMD,sp|A0A0D1DZT6|GBP2_MYCMD Serine/arginine (SR)-type shuttling mRNA binding protein OS=Mycosarcoma maydis OX=5270 GN=RRM75 PE=2 SV=2,MSEVEYNQENTHYAEVDNFDRDAMSQTRARSRSPVAGGAPSSDRRDRDRTDRTDRTDRSDRPRSFNDRAIASQHAATQASRKSQKNCRVYVGNLSYGVKWNTLKDFMREAVDVLLGDTRDGSITRARNASAARWLNESRRQCGWIADGKVLRFCPGWVTGGILQHLNHVRVAIQHSTRFPSFHRQPSIVYTAGHVVFSEVLTLPNGSSKGCGIVEYSTPEEAQKAIREMTNKQLEGRQVFVREDREDEVRYGTSPGGPPRGGGRGGLGGSSGRGSFGPPVRGGFYGGPPPPPYGGFGGGAPTQLFIGNLPFDVSWQDLKDLFRSAGNITRADINMGHDGRSKGSGIVAYADSNDASNAIAMYHGYEFRGRMLEVRLDKFASAPPMDPYGRAGYGPPPRGGRGGFGGAYGGRGGYGGRGGYGSGYGDPYGGGYSHEAYGGAYGGGYGGGYGDRHGAAGGYSTRASGPTSARAPAPPAAPSQQIFVKNLPWSTSNEDLVELFQTTGKVDEAEIVIGGGRSKGCGVVQFATVEDAETAIAKFNNYVYGGRPLDIEFNRRWTKFGTGGGSVNGGNDGNAPMVEVSAQDDEDGDAPVPMQG,A0A0D1DZT6,Mycosarcoma maydis,Mycosarcoma,A0A0D1DZT6,5270,True,,596
sp|A0A336U965|MELA_ASPTE,sp|A0A336U965|MELA_ASPTE Aspulvinone E synthetase melA OS=Aspergillus terreus OX=33178 GN=melA PE=1 SV=1,MQPSLIPSLLETAAARNGDGRVILYSQGNREDPRSITYRDLLETASKASVAVHNHQNYTPGAAVLLHFNNHLDNIVWFWAVLLAGCIPAITPAFSNNPVQRVANLEHLSSTLITDWCLTSQALLAEFAGQDAIEPVSVETLGWEKASPASNTASVKAKPTDTALLLFTSGSTGKSKAVCLSHFQIVSAIAGKLSVVPLPEQSSFLNWVGLDHVAAIIEIHLQALYADLDQVHVPGSDVISDPIWFLDLMATHRVSRTFAPNFFLARIRDALVQNARSASPRQWDLSGLRYVASGGEANTTKTCDDLSQLLKSFGAPLNVIVPGFGMTETCAGAIFNTNCPDYDKKHGLEYTSVGSCMPGIFMRVTNQQGDPLPPGEMGSLELAGPVVFRQYLNNPAATQESFTMDGWFKTGDCGTLDENGYLVLGGRAKETIIINGVKYSPHEIETAVEEHNIKGLSRSFTCCFSSLSPGAETEEIVLVYLPTYAPEDIPARAATADAISKVVLMSTGSRPHIIPLEQALLPKSTLGKLSRSKIKAAYERGEYRTHDSINRSLIARHRQATRASPKNDFEKGLLEIFLRSFKISEDEFDVQTPIFDVGIDSIELINLKRDIEQHLGFADATIPIIILLENTTVRELAAALDNLYRPKEYNPVVTLQAHGDKNPLWLVHPGAGEVLIFINLAKFITDRPVYALRARGFDEGEKPFDSIEDAVTSYYNGVKSKQPHGPYALAGYCYGSMLAFEVAKKLEENGDEVRFVGSFNLPPHIKMRMRELDWKECLLHLAYFLDLITQKRSRELAVELDGLDQDTILQAIIDEADKERYAQLSLSRPFLSRWADVAYELHRIAGDYDPDGRVASMDVFFSIPLAIAAASKSEWRNVHLSQWDDFTRSHVRFHDVPGEHYSMIGPEHVFAFQKILRSALAERGM,A0A336U965,Aspergillus terreus,Aspergillus,A0A336U965,33178,True,2.3.1.-,925
sp|C7FF04|PPO3_AGABI,sp|C7FF04|PPO3_AGABI Polyphenol oxidase 3 OS=Agaricus bisporus OX=5341 GN=PPO3 PE=1 SV=1,MSDKKSLMPLVGIPGEIKNRLNILDFVKNDKFFTLYVRALQVLQARDQSDYSSFFQLGGIHGLPYTEWAKAQPQLHLYKANYCTHGTVLFPTWHRAYESTWEQTLWEAAGTVAQRFTTSDQAEWIQAAKDLRQPFWDWGYWPNDPDFIGLPDQVIRDKQVEITDYNGTKIEVENPILHYKFHPIEPTFEGDFAQWQTTMRYPDVQKQENIEGMIAGIKAAAPGFREWTFNMLTKNYTWELFSNHGAVVGAHANSLEMVHNTVHFLIGRDPTLDPLVPGHMGSVPHAAFDPIFWMHHCNVDRLLALWQTMNYDVYVSEGMNREATMGLIPGQVLTEDSPLEPFYTKNQDPWQSDDLEDWETLGFSYPDFDPVKGKSKEEKSVYINDWVHKHYGFVTTQTENPALRLLSSFQRAKSDHETQYALYDWVIHATFRYYELNNSFSIIFYFDEGEGCTLESIIGTVDAFRGTTSENCANCARSQDLIAEGFVHLNYYIGCDIGQHADHEDDAVPLYEPTRVKEYLKKRKIGCKVVSAEGELTSLVVEIKGAPYYLPVGEARPKLDHEKPIVILDDIIHRVN,C7FF04,Agaricus bisporus,Agaricus,C7FF04,5341,True,1.14.18.1,576
sp|E9F648|MLAC1_METRA,sp|E9F648|MLAC1_METRA Laccase 1 OS=Metarhizium robertsii (strain ARSEF 23 / ATCC MYA-3075) OX=655844 GN=Mlac1 PE=2 SV=2,MSRFARLLLIVALFFTNAWAKTVKETLRITWKEGAPNGQARELIYTNGQFPSPTLVWDEDDDIEVTVYNEMAKNVTVHWHGLDQKDTPWSDGTPGLSQRPIQPGNKFVYRFKASPPGNHWYHSHEKMSLVDGLYGAIHIRPKGDRTGLWSQISQDKDDIKAMENAAYDPEYLVVSDWSQYTSEEYWKISTDSGLLVFCLDSILVNGKGEVYCPGQKFLQAELAPGLVEDAFPPGTEVSDKGCFPADLDQVQGGPWNITKRPDLIPPRVQEGCVASRHENATIVVDPSKNNGWVSMHFVAAATTAQITFSVDSHEFWLYEIDGNYVNPRKFVSAVMSAGETFSVMIKLDQEPGKYTMRIPNSGASQVLGGFAEMVYKGCEREEKAGKAYLSYGGNPTSPDVEKNSFFPWQLDTDHMSPWPPNKPRPGNADEEHLLVLGRVGAPYNYTMNTKYLYPVDFQNDDPLLFYPNATRDTENDGLVLRTKNGSWVDLILQVSTLPGDTASFEHFMHKHGSKTWRIGFGTGVWNYTSVEEAIQERPQDFNLETPGLRDTWITAFSIGGEAYWSVFRYFVDNPGPWLFHCHIELHLMGGMGIAILDGVDAWPEHIPEEYQLR,E9F648,Metarhizium robertsii,Metarhizium,E9F648,655844,True,1.10.3.-,613
sp|E9QUT3|ARP2_ASPFU,sp|E9QUT3|ARP2_ASPFU Hydroxynaphthalene reductase arp2 OS=Aspergillus fumigatus (strain ATCC MYA-4609 / CBS 101355 / FGSC A1100 / Af293) OX=330879 GN=arp2 PE=3 SV=1,MVNTCTYLPLSGKVALVTGGGRGIGAGIALELARRGASVAINYGHSAKSAQEVVEAIQAIGRQAVAIQADLTCVPNIESLIQEVVRHFGRLDIVVSNSGMEKFKPLEETTLEDFNEVFNLNTRAQMFVARYAYDHIQPGGRVILMSSIAAGLGVPGHALYAGSKAAIEGFTRCLAADFGRKGCTVNAIAPAGVKSDMWRENAWRYAPGCDKSSSLEEIETALASGSPLKRCGVPEDIGKVVSFLASPDAEWVNGEFFSPPPCKGPLPGGDLEC,E9QUT3,Aspergillus fumigatus,Aspergillus,E9QUT3,330879,True,1.1.-.-,273
sp|J9VSG5|SKT5_CRYNH,sp|J9VSG5|SKT5_CRYNH Chitin synthase regulator 2 OS=Cryptococcus neoformans var. grubii serotype A (strain H99 / ATCC 208821 / CBS 10515 / FGSC 9487) OX=235443 GN=CSR2 PE=3 SV=1,MATTNAQIYQQSQMPIPMPTPSLNPNINSAPTPGPNAMSVYEDCQSPLDTSVSGMYPGDRGSRVVSQPAPLLDQSHLRPGNQANLLSHDRTIELYRENAKKTNDPELIFEFSAFMIDAAKAMIPPEQEKDTNPSPALIKQMEKREEIIKEATSLLKRLADRGFPDAQYFLADCYANGIGTARGKQDFDRAFPLFILAAKHGHPDACYRAGTCCEHGWGCRRDSAKAVSFYKKAAVGLHPGAMYRLGTAELNGALGFPRRPKEGVKWLKRSAEHATEEFPHALHELALLHERGIENVVFVDNDYAAELLAQSAELGYAPSAFKLGECYEYGKMGCPVDPALSIHYYNISAQQDHKDACFALTAWYLVGSPGVLPQSDTEAYLWAKKAAELGLAKAQYAVGYFTETGIGIEANPQAALTWYKQAAEGGDKRAAKRLATGSRSSALDRRLEMEALKEEKRLGAANLAQRSGSGSGASGKDGKDGCLIM,J9VSG5,Cryptococcus neoformans var. grubii serotype A,Cryptococcus,J9VSG5,235443,True,,485
sp|L0PQS5|VEA_BOTFB,sp|L0PQS5|VEA_BOTFB Developmental and secondary metabolism regulator VEL1 OS=Botryotinia fuckeliana (strain B05.10) OX=332648 GN=VEL1 PE=1 SV=1,MAASIGPKSIPETITRQTKGGRKLKYTLTVIQQPERARACGSGAKSSADRRPVDPPPVVQLRIYDETDPRQEKEITFHYNANFFLFATLEVARNIAQGRVQTSAPQAPVLTGMPVSGMAYLDRPNEAGYFIFPDLSVRHEGQYKLSFNLYEETKEEKDTDIEPSNDSSMRQMSSAAAAAESSFDWRMELKSDQFTVYSAKKFPGLSESTDLSRTVAEQGCRVRIRRDVRMRRRDTKPGGDFGEKEDEYQQGRATSPPFDYNIQAARQRALSASVHEDPQQRRGSGEISPYHSPVVNTPFRTPSISPSTPNAPLPPGNQLGWIPNGPGYAAAPSIQPPHPPPPPPSSYPQSMPATHHNQGPSTQFRQQPPQGPPPAPIGYDERRSSYSQFRPPTNPSQQQSYESDYRRMSFGYQIPASSQGPQPIAPAVQNPAYNQQSMEPTYSRNPPAYSTSFQDSVALAPLRAAEQPLAMSPLASVTSISRGTQNSAPMPSHNYNKLERSGSYSQYAPIEAEAPKSTNKRSFNDVFSTPTESLSNGRRPSAIGIDIEENTRKQEQMIYRRANGNIQNKPAPGLN,L0PQS5,Botryotinia fuckeliana,Botryotinia,L0PQS5,332648,True,,575
sp|P0CP76|CDA3_CRYNJ,sp|P0CP76|CDA3_CRYNJ Chitin deacetylase 3 OS=Cryptococcus neoformans var. neoformans serotype D (strain JEC21 / ATCC MYA-565) OX=214684 GN=CDA3 PE=2 SV=1,MYGHLSLSTLSLLAVVAAAPFPESWLQPRDSDVSQLFRRGAPDPKASDYLSYYPSPGSTPNVSTIPQAWLDKLATVQLPNVSVATANDGRPTYPNNENDGDSEICSFTDQCYVEDDLYSPPGEKVWALSFDDGPTDVSPALYDYLAQNNISSSATHFMIGGNIITSPQSVLIAIEAGGHLAVHTWSHPYMTTLTNEQVVAELGWTMQALSDLNGGRIPMYWRPPYGDVDNRVRAIAKGVFGLVTVLWDSDTNDWAISDQPDQYSVASVEAYFDTLVTGNRTQGLLLLEHELDNNTVEVFETEYPKAVANGWSVKNVADAFSMKWYLNSGKGNDDVVTTMSVAGTLTTAKPTHTSTSVASATATSSASVTDSAGVSIASAASSQESSSWPIANRPSLFVIACGLALAAIMV,P0CP76,Cryptococcus neoformans var. neoformans serotype D,Cryptococcus,P0CP76,214684,True,3.5.1.41,410
sp|P0CP77|CDA3_CRYNB,sp|P0CP77|CDA3_CRYNB Chitin deacetylase 3 OS=Cryptococcus neoformans var. neoformans serotype D (strain B-3501A) OX=283643 GN=CDA3 PE=3 SV=1,MYGHLSLSTLSLLAVVAAAPFHESWLQPRDSDVSQLFRRGAPDPKASDYLSYYPSPGSTPNVSTIPQAWLDKLATVQLPNVSVATANDGRPTYPNNENDGDSEICSFTDQCYVEDDLYSPPGEKVWALSFDDGPTDVSPALYDYLAQNNISSSATHFMIGGNIITSPQSVLIAIEAGGHLAVHTWSHPYMTTLTNEQVVAELGWTMQALSDLNGGRIPLYWRPPYGDVDNRVRAIAKGVFGLVTVLWDSDTNDWAISDQPDQYSVASVEAYFDTLVTGNRTQGLLLLEHELDNNTVEVFETEYPKAVANGWSVKNVADAFSMKWYLNSGKGNDDVVTTMSVAGTLTTAKPTHTSTSVASATATSSASVTDSAGVSIASAASSQESSSWPIANRPSLFVIACGLALAAIMV,P0CP77,Cryptococcus neoformans var. neoformans serotype D,Cryptococcus,P0CP77,283643,True,3.5.1.41,410
sp|Q0CRX1|MELA_ASPTN,sp|Q0CRX1|MELA_ASPTN Aspulvinone E synthetase melA OS=Aspergillus terreus (strain NIH 2624 / FGSC A1156) OX=341663 GN=melA PE=1 SV=2,MQPSLIPSLLETAAARNGDGRVILYSQGNREDPRSITYRDLLETASKASVAVHNHQNYTPGAAVLLHFNNHLDNIVWFWAVLLAGCIPAITPAFSNNPVQRVANLEHLSSTLITDWCLTSQALLVEFAGQDAIEPVSVETLGWEKASPDSNTASVKAKPTDTALLLFTSGSTGKSKAVCLSHFQIVSAIAGKLSVVPLPEQSSFLNWVGLDHVAAIIEIHLQALYADLDQVHVPGSDVISDPIWFLDLMATHRVSRTFAPNFFLARIRDALVQNARSASPRQWDLSGLRYVASGGEANTTKTCDELSQLLKSFGAPLNVIVPGFGMTETCAGAIFNTNCPDYDKKHGLEYTSVGSCMPGIFMRVTNQQGDPLPPGEMGSLELAGPVVFRQYLNNPAATQESFTMDGWFKTGDCGTLDENGYLVLGGRAKETIIINGVKYSPHEIETAVEEHNIKGLSRSFTCCFSSLSPGAETEEIVLVYLPTYAPEDIPARAATADAISKVVLMSTGSRPHIIPLEQALLPKSTLGKLSRSKIKAAYERGEYRTHDSINRSLIARHRQATRASPKNDFEKGLLEIFLRSFKISEDEFDVQTPIFDVGIDSIELINLKRDIEQHLGFADATIPIIILLENTTVRELAAALDNLYRPKEYNPVVTLQAHGDKNPLWLVHPGAGEVLIFINLAKFITDRPVYALRARGFDEGEKPFDSIEDAVTSYYNGVKSKQPHGPYALAGYCYGSMLAFEVAKKLEENGDEVRFVGSFNLPPHIKMRMRELDWKECLLHLAYFLDLITQKRSRELAVELDGLDQDTILQAIIDEADKERYAQLSLSRPFLSRWADVAYELHRIAGDYDPDGRVASMDVFFSIPLAIAAASKSEWRNVHLSQWDDFTRSHVRFHDVPGEHYSMIGPEHVFAFQKILRSALAERGM,Q0CRX1,Aspergillus terreus,Aspergillus,Q0CRX1,341663,True,2.3.1.-,925
sp|Q4WHT8|FAHA_ASPFU,sp|Q4WHT8|FAHA_ASPFU Fumarylacetoacetase fahA OS=Aspergillus fumigatus (strain ATCC MYA-4609 / CBS 101355 / FGSC A1100 / Af293) OX=330879 GN=fahA PE=2 SV=1,MASWLQIPKNSPFSLANIPFGIISSAKITSPVAAVAVGDYALNLSIFASSGGFSQLPVIQPHLGVFSQPTLNAFAALGRPVHRQVREYIQSVFRADTPFPQILKDNSTLQKEALLPLSEVTNHLPMHIGDYTDFYAGLNHAYNVGVLFRGPENALQPNYKHLPVGYHGRASSVVTSGTPIRRPNGQILANPAANPKVPTFSPCKRLDIELELAAFVSKSNELGKPVSIDEAEDHIFGVVLMNDWSARDIQAWEYVPLGPFNAKNFATTITPWVVLLDALEPFRTAGLEPGNRESLLPYLREKRELNAYDIPLEVEITNAGGKPTLISRTNAKNLLYSFPQMLAHHTITGCNMNTGDLLGSGTISGKENQTQGSLLEQTNGKNPLKLADGSERLFLEDGDTVVLRGMAGTEGNYVGFGDCVGTILPALKLEF,Q4WHT8,Aspergillus fumigatus,Aspergillus,Q4WHT8,330879,True,3.7.1.2,431
sp|Q4WHU1|HPPD1_ASPFU,sp|Q4WHU1|HPPD1_ASPFU 4-hydroxyphenylpyruvate dioxygenase OS=Aspergillus fumigatus (strain ATCC MYA-4609 / CBS 101355 / FGSC A1100 / Af293) OX=330879 GN=hppD PE=1 SV=1,MAPSAISTSPPPTDRVSSSLASYKGYDHVHWYVGNAKQAASYYITRMGFKRIAYRGLETGCRSVCSHVVRNGDITFILTSPLRSLDQVDRFPPEEQELLKEIHAHLEKHGDGVKDVAFEVDSVDSVFYAATNNGAKIVSQPRTLEDDNGQVRVATIQTYGETTHTLVERGSYHGAFLPGYRMETGVEDPISQLLPGVHLNRIDHCVGNQDWDEMDKVCEYYEKALGFHRFWSVDDKQICTEYSALKSIVMASPNEVVKMPINEPAKGKKQSQIEEYVDFYNGAGVQHIALLTDDIIRDITNLKARGVEFIKVPDTYYEDIKVRLKKAGLTLHEDFETIRSLDILIDFDEGGYLLQLFTKHLMDRPTVFIEIIQRHNFSGFGAGNFKSLFEAIEREQALRGNLV,Q4WHU1,Aspergillus fumigatus,Aspergillus,Q4WHU1,330879,True,1.13.11.27,403
sp|Q4WX78|RLMA_ASPFU,sp|Q4WX78|RLMA_ASPFU Transcription factor rlmA OS=Aspergillus fumigatus (strain ATCC MYA-4609 / CBS 101355 / FGSC A1100 / Af293) OX=330879 GN=rlmA PE=1 SV=1,MGRRKIEIKAIKDDRNRSVTFLKRKGGLFKKAHELAVLCSVDVAVIIFGHNKKLYEFSSCDMRETLGRYQYYGPPHEHKGPEDFNGKRDDDDDEDETTPAPEEMQPTTQNPPAVVPAHIPSHPGFQHVNHAPSASPPISNGIPFDPRHGTPQPQGASRPSSRNHLRRVSSNLGPQQHHGTPPPPPQNGFAYIPNPSMYHPNANPNIAQQPRPPQFAHYGPQQPLPPHAIPPHPMPQPVPPHHQAPQHLPQHPHPLAQQTPAMGLSQPPHASIPQVAQPFLPEQGRNSIPPAFPTEQSQPPRPVSLPDVSSADQMVGPLKVETSPSPPHQRSLSSKSRSIFTPIDDRGSVLARHFGLGPPTCESPRTESADVKAEAKQNDSKEIKPPAQPVAPPPPPRTTADAARSQSAPDIKPPPRTNSGQLPSKRPQLKVQIPSENSDRGSATADSSSSTGNQTVTPAKANPDTNHSGVVLPPPSPSAGAILSAGATGPPNPFARPPPPGTASQNSNAYNSNNNIETPISALPSRFVSDALLPSPSSFFPEWGFGRSGPDTNMLPSPLTFPTPAVQTGPGFAREDEQEKKRKSPDSGPSIEGTAKKSKT,Q4WX78,Aspergillus fumigatus,Aspergillus,Q4WX78,330879,True,,600
sp|A0A1L9WLL5|AACUK_ASPA1,sp|A0A1L9WLL5|AACUK_ASPA1 Scytalone dehydratase-like protein AacuK OS=Aspergillus aculeatus (strain ATCC 16872 / CBS 172.66 / WB 5094) OX=690307 GN=AacuK PE=1 SV=1,MAKPTAPCFEDVLGCQAALYEWAESYDTKDWDRLAQCIAPTLRIDYRAFLNKLWEEMPAPEFLLMASDLKFLGNRRLKTQHFVGGASKWLQTSEDEITGQHQMRVAHQKYADDALSEVALKGHAHGHATIWYRRVEGQWRFAGIEPGIRWSEYDHDRIFFEGEEKLGEPQSDECAC,A0A1L9WLL5,Aspergillus aculeatus,Aspergillus,A0A1L9WLL5,690307,True,4.2.1.-,176
sp|A4D9U3|HMGR_ASPFU,sp|A4D9U3|HMGR_ASPFU Transcription factor hmgR OS=Aspergillus fumigatus (strain ATCC MYA-4609 / CBS 101355 / FGSC A1100 / Af293) OX=330879 GN=hmgR PE=2 SV=1,MEIRRPSRHGNHPDRTYQRTYKACISCRQRKAKCDLGTGPDGLPLGPPCAKCRREQKPCLFDEKRAWERVKKRGTQSTSNLANSMMRTVVSSGNDALNILFEAANAQSQEDSMIESDSLPETEQHRSGHPVTSEGSSNQIDLTVPPDVLEKAMRPVELSHVSKDVLSTWEACRFVRMGWFTAREAVTFIDLFFKNMSILSPVLTDFYADHKNHRWLIAHDPVLCCTILMISSRYHVLPGVGGQSRNFFIHHRLWQHCQQLVTRLIFGQELSSQPKIRNIGTIEALLLMSDWHPRSLHFPPESDGWDSDLVTIDLESTEYGDDGSNSSAKRWAKDMSEPAKRSDQMSWMLLGSALSLAHELGIYETGDKARDAFVAYERFMTKDQMRLRRQRAQRLLYVYINQLAWRIGCVSLMPQGLSHSILNRQTSRELSQYGEEWLTFMDSWMDLTKLAKSVTDMFFPSVTFARQQLQSGRYIDLLDHFRPLLDKWKERYLQPQLHDKPFYDDIFIEYHFVRVYTHSVGMQAVVERAIADGNADEEEVRPMNIDPIDYEYIQEVIDGCCQILEKVTQLADIGALRFSPVRIFVRITSASIFLMKALSLGARQAKLRESLDVLERTIQALRSNALDDIHLSTRYATLLETHVSRLRRHLVASCKSLKRRRESTTRHSMVPPSYASATSDEHAPLITNPPVPQNMSDMGFTPSLNDIAADDWLSLPFDPSMAPFSISSGGQFPAYEGGGLNFLWNLPS,A4D9U3,Aspergillus fumigatus,Aspergillus,A4D9U3,330879,True,,748
sp|B0XU60|DEVR_ASPFC,sp|B0XU60|DEVR_ASPFC Basic helix-loop-helix transcription factor devR OS=Aspergillus fumigatus (strain CBS 144.89 / FGSC A1163 / CEA10) OX=451804 GN=devR PE=2 SV=1,METTLTHRPWEPTTTGPQNAPTSSAQTLPSISTLTASMASNIPLPAEKSPGNASLNTVERDSGNWSMPQSTSMISCSTSAMPGTDSLPGSSTYSTATNGTGNYPSLSFLTSSQPSPNRGSVSERSPYPNDHSSTNTPSSAGAHPSPNFGSQTNPTLPSLNQNFDAPSQRGSIAEPPESRRSSVDSRMNQGISSLAINPASPYHSTNASQTSIVSGLQRERGISMDVNMNNSYRGPRYSGTQPLSPLGPRAGEHRSFAAGRTAPAISSNPRSEIYAAETPTAGLAYAFPDPDVARSNSMSSTNDKSQHPFSRKGSTAESLASSIYSDARLPRGQHELPQNVHHHTLQHKQVRDLIGDPEPPTSSTPYSRTPELRVTHKLAERKRRSEMKDCFEALRMRLPQSQNNKSSKWETLTRAIEYIGQLEKMLSNARRENDVLRSEVEEMRAQLNQQQQQQAHQHSRPPSIFEHHPMNGPQANGQSHGPGPAFSNYGPNSSTMMQEQPRTLPPLVNGPVAPMQGVQYTDDRR,B0XU60,Aspergillus fumigatus,Aspergillus,B0XU60,451804,True,,525
sp|C7FF05|PPO4_AGABI,sp|C7FF05|PPO4_AGABI Polyphenol oxidase 4 OS=Agaricus bisporus OX=5341 GN=PPO4 PE=1 SV=1,MSLLATVGPTGGVKNRLDIVDFVRDEKFFTLYVRALQAIQDKDQADYSSFFQLSGIHGLPFTPWAKPKDTPTVPYESGYCTHSQVLFPTWHRVYVSIYEQVLQEAAKGIAKKFTVHKKEWVQAAEDLRQPYWDTGFALVPPDEIIKLEQVKITNYDGTKITVRNPILRYSFHPIDPSFSGYPNFDTWRTTVRNPDADKKENIPALIAKLDLEADSTREKTYNMLKFNANWEAFSNHGEFDDTHANSLEAVHDDIHGFVGRGAIRGHMTHALFAAFDPIFWLHHSNVDRHLSLWQALYPGVWVTQGPEREGSMGFAPGTELNKDSALEPFYETEDKPWTSVPLTDTALLNYSYPDFDKVKGGTPDLVRDYINDHIDRRYGIKKSEGGKNPALDLLSDFKGVTHDHNEDLKMFDWTIQASWKKFELDDSFAIIFYFAADGSTNVTKENYIGSINIFRGTTPTNCANCRTQDNLVQEGFVHLDRFIARDLDTFDPQAVHRYLKEKKLSYKVVADDHSVTLKSLRIRVQGRPLHLPPGVSFPRLDKNIPIVNFDDVLDLVTGVVNIGLTAVGATAGVAIGVVGATAGTAIGVAGAATDAVTNIAKGGLGALGRIF,C7FF05,Agaricus bisporus,Agaricus,C7FF05,5341,True,1.14.18.1,611
sp|E9F647|ETHD_METRA,sp|E9F647|ETHD_METRA Conidial pigment biosynthesis dehydratase EthD OS=Metarhizium robertsii (strain ARSEF 23 / ATCC MYA-3075) OX=655844 GN=EthD PE=2 SV=2,MAISDSVSPEPQQLLCLTITAFRKPGMSEAAYREYMTKTHAPLVSGLMEEYGIVRYNMTHNNSKSRPLLFQLYDPEFSKLSDYDCIVQFVFRRMEDFLRMKSDPRFLEKVAPDHQKFADTSRSTMTIGYFEEFLENGKVVPK,E9F647,Metarhizium robertsii,Metarhizium,E9F647,655844,True,1.-.-.-,142
sp|F9X365|VEA_ZYMTI,sp|F9X365|VEA_ZYMTI Developmental and secondary metabolism regulator MVE1 (Fragment) OS=Zymoseptoria tritici (strain CBS 115943 / IPO323) OX=336722 GN=MVE1 PE=3 SV=1,MDRVSERVERGHYIPVENQTESSTSRVTVEGRKLTYRMSVLQQPVRARACGQGAKCKSPSADRRPVDPPPIVELKIFEGEDQENDITFTMHANYFLFATLEQARPIANGRVSNERSTPVLTGTPVAGMVYLDRPTPAGYFIFPDLSVRHEGVYRLSFSLYEDCKSPKDEDKTEEGAKSESDAHVTHRLEVKSEPFNVFSAKKFPGLTESTSLSRMVAEQGCRVRIRRDVRMRKRETKPGGREWDNYEDETAQARA,F9X365,Zymoseptoria tritici,Zymoseptoria,F9X365,336722,True,,255
sp|F9XMW6|T4HR_ZYMTI,sp|F9XMW6|T4HR_ZYMTI Probable tetrahydroxynaphthalene reductase MYCGRDRAFT_87994 OS=Zymoseptoria tritici (strain CBS 115943 / IPO323) OX=336722 GN=MYCGRDRAFT_87994 PE=3 SV=1,MAVTPYVDTSRLDGKVALVTGSGRGIGAAMAIHLANRGAKVVVNYANSVEAANKVVDEIKSRGGEAIALQADVGEVSQTTKLMDDAVAHFGQLDIVCSNSGVVSFGHLKDVTEEEYDRVFRINTRGQFFVAREAYKHLSVGGRIIMMGSITGQAKGVPKHAVYSASKGAIETFVRCMAIDCGDKKITVNAVAPGGIKTDMYHAVCKEYIPNGENLTDEEVDEYAKTWSPMDRVGQPMDIAKVVGFLASEDGEWINGKVIGIDGAACM,F9XMW6,Zymoseptoria tritici,Zymoseptoria,F9XMW6,336722,True,1.1.1.252,267
sp|G2X3G1|SSK1_VERDV,sp|G2X3G1|SSK1_VERDV Response regulator SSK1 OS=Verticillium dahliae (strain VdLs.17 / ATCC MYA-4575 / FGSC 10137) OX=498257 GN=SSK1 PE=3 SV=1,MGSDLKARLKAKFSRRSSTSGSVKSGHSHSHGETQLSQRDESRSLASTDNHSRPASVRLDPQSSSNLGAPAPAPDADEVPVRIVISPEDSTATSSSTASTLPSEEVQPQESVTRDPSSQLSAAPKRRAASDGPGNDLHHPMAATTSSLASINENQTLVDASIAASPPATKLPPSVSTSARNTAASSAAAAAAASAAVAVTAAAAAADPDNDDDDDDHLDPLHRGPAASDVLTPAPATAPAPVPATLSASSIARPTGPPRRQSLLPNRQDALIKTLLQAANINEADLTADHLLSINANMVTRKIWVKRAGASATLITINEDDLVDDVRDMILKKYTNSLGRHFDAPDLTLRIFPREERQERLLGPEEPMGRTIDAYFPGGQTVDEALVIDIPTRRTPRPSPRGAVSHPTAVYYAHDTGRPSEAGEGYFPPVGAIPSPNLEVPGAAPNGGPPPPHAIHIQHTGHLPHSISILGTGQVPPIPSPGRSHAYKTRPNRPQLGRTHTSSPTFINGVPSNVGGPPTAHPVHSSFHPRLPPSRTQSNASAESAAIVPPAPPLATPPAPEIPSAIQRISTPPPRIASPRPSSARPARKKIAPAHPVLPAGMLAGGVPPINVLIVEDNPINLKLLEAFVKRLKVRWKTAMNGRDAVKKWKGGGFHLVLMDIQLPIMNGLDATKEIRRLERVNSIGVFSSSASGVFSGSVTSEPEGTEGDIEDKDRLANIELFKSPVIIVALTASSLQSDRHEALAAGCNDFLTKPVNFVWLERKVMEWGCMQALIDFDGWRQWKDFAQDAEENDAAKKAAGVKAKSKKNRLSVTTAAA,G2X3G1,Verticillium dahliae,Verticillium,G2X3G1,498257,True,,818
sp|J9VQ26|BZP4_CRYNH,sp|J9VQ26|BZP4_CRYNH BZIP domain-containing transcription factor BZP4 OS=Cryptococcus neoformans var. grubii serotype A (strain H99 / ATCC 208821 / CBS 10515 / FGSC 9487) OX=235443 GN=BZP4 PE=2 SV=2,MESSWPAQSSFSYYNQGSMQTSSRHASSPTNEYSDRTPRRSAAQPQMPAFLPPPPPHGHQLTESGGDSLPSFSHSLYSPYHGPGGNLPSSNPHGMAHSMPSYSHISALSGTGSGFQYTNHSPMGLNEPLTSHSRSQITHSYHDPPRLPGYSSSPNLHQLSPVSPTAHLLPSMQPPSASPSSSSFPSSIPRTPATLPKGVKRHSLGSEQSFDSWDDEQEMSSGKVTGDRKHEKDSQPWGMPQEEYKKLNPKDKKQVRNRIGARRFRAKRKDYVNQLEAGIRLRDDEITNLQSQLESQRNEINELRLQLKLPLLPRGELSGLGLTMETQGQMERWENNDSMSR,J9VQ26,Cryptococcus neoformans var. grubii serotype A,Cryptococcus,J9VQ26,235443,True,,341
sp|J9VS56|ANXC1_CRYNH,sp|J9VS56|ANXC1_CRYNH Annexin C1 OS=Cryptococcus neoformans var. grubii serotype A (strain H99 / ATCC 208821 / CBS 10515 / FGSC 9487) OX=235443 GN=ANXC1 PE=3 SV=1,MYGQQNNYGAPPPQQWGQAPPQGYQPGYQNGPPAVNYGAHPSQQQQWGAPPGPPQHQPYGAPPVNQYGAPPQHQQGYGGHSPQPPFGAPSPAPAGYGAPPTAPQGQYGAPSPYPQQPPQQGFGGPQQGYGSQPQGQSPMMYLGVPIPAPPPAVPVSTLAGYDARFDAERIRKATKGFGTDERTIIDTLSPLDAFQMDVLSRTYEQTVGRSLKSTLEKELSSWLEYTLVLLSLGPLGGDVYLLHRACNGMGTHEDLLNEVLLGRTNQEIFLLKEAYRRTYNQDLVQIVQGELSMKTERMFNMALSGQRDESPYLNHQLVQQDVETLYRAGPGKIGTDEIAICGILISRSKEHLKAIAQAFPARHRVSLSQMIHSEFSGHMRDALFFIARGVEADGDGVVRDCELLHAAMAGMGTKDERMIYRLVRNHWNRPRFNAIKNQYQVLYRNSLRRAVEGETTGKYEKALVGIIEQN,J9VS56,Cryptococcus neoformans var. grubii serotype A,Cryptococcus,J9VS56,235443,True,,470
sp|J9VX37|CTR1_CRYNH,sp|J9VX37|CTR1_CRYNH CUF1-dependent copper transporter 1 OS=Cryptococcus neoformans var. grubii serotype A (strain H99 / ATCC 208821 / CBS 10515 / FGSC 9487) OX=235443 GN=CTR1 PE=1 SV=2,MDMSGMDGMDHMSSTSSNMSMSMKMYFHGTIGGDLLWFASWMPSSAGATVGVCIGLFILAIFERYLVAFRRACDAAWRRGQVGYVRPCSNGPLVFSSGKSTSLPPPVLFNRRSSTKKEKDVYNPLTPSDYALESNQDGSVEPVTPYTPSIHALRESQEGSSAPSYAHSQQGQAQAQGSGVGCDPCAEGRVAEIERCKEKAVERGLVHSHLPKAVRRSLDPGREGRWSRPFRLAVDVPRGLLQALQTLIHYLLMLVVMTFNIWWMISVVIGCGVGEMLFGRFGSSHVGH,J9VX37,Cryptococcus neoformans var. grubii serotype A,Cryptococcus,J9VX37,235443,True,,288
sp|L0PQJ9|VELB_BOTFB,sp|L0PQJ9|VELB_BOTFB Velvet complex subunit 2 OS=Botryotinia fuckeliana (strain B05.10) OX=332648 GN=VEL2 PE=1 SV=1,MNTTAYASPPRDMHPRSTMPSLHDTTYRSGPPHQGAPYSMPQTMASQHSTISAYEQYNNSLPVSRPPPPEHLPSSEAVSSFSIGLPGQEPSPRSITVDGRKYTLEVQQQPKRARMCGFGDKDRRPITPPPCVKLSITEIATGKEVDVNNIEHGMFVLNVDLWSADGERPVNLVRHSQTSPSISATVPVSYTQIQGGAAAYSSLLPGQSQREPTSPTYGSAPPFQGAGFSPFPGPPQVSAYSQQQPGQQSGYGGNPNYPPPNGYQVAPQQSNYYYPQPSQSIPSHNNQDPYPSRPFTPQDLGIGRIPISQTNPPQGMFTRNLIGSLSASAFRLTDPDDRIGIWFVLQDLSVRTEGDFRLRFSFVNVGVPSAPQNNANSSCSVNTGKAPVLASCFSEVFKVYSAKKFPGVVESTPLSKCFATQGIKIPIRKDGKDGPGKGGKDGSRGDDDDDY,L0PQJ9,Botryotinia fuckeliana,Botryotinia,L0PQJ9,332648,True,,451
sp|M1W851|PIG6_CLAP2,sp|M1W851|PIG6_CLAP2 Scytalone dehydratase-like protein CPUR_05428 OS=Claviceps purpurea (strain 20.1) OX=1111077 GN=CPUR_05428 PE=2 SV=1,MSKTPSYEDATACQAALFEWAESYDLKDWNRLSKCIAPTLQIDYRAVFGQFWEAMPADEFVGMISSPGFLGNPLIKTQHFVGMTRWTQTSEDSVTGRHQMRVAHQKYADAQMKEVVLKGHGHGGATTWFRKVDGDWKFAGIEPEIRWAEFDLDKIFAE,M1W851,Claviceps purpurea,Claviceps,M1W851,1111077,True,4.2.1.-,158
sp|O42713|PPO2_AGABI,sp|O42713|PPO2_AGABI Polyphenol oxidase 2 OS=Agaricus bisporus OX=5341 GN=PPO2 PE=2 SV=1,MSLIATVGPTGGVKNRLNIVDFVKNEKFFTLYVRSLELLQAKEQHDYSSFFQLAGIHGLPFTEWAKERPSMNLYKAGYCTHGQVLFPTWHRTYLSVLEQILQGAAIEVAKKFTSNQTDWVQAAQDLRQPYWDWGFELMPPDEVIKNEEVNITNYDGKKISVKNPILRYHFHPIDPSFKPYGDFATWRTTVRNPDRNRREDIPGLIKKMRLEEGQIREKTYNMLKFNDAWERFSNHGISDDQHANSLESVHDDIHVMVGYGKIEGHMDHPFFAAFDPIFWLHHTNVDRLLSLWKAINPDVWVTSGRNRDGTMGIAPNAQINSETPLEPFYQSGDKVWTSASLADTARLGYSYPDFDKLVGGTKELIRDAIDDLIDERYGSKPSSGARNTAFDLLADFKGITKEHKEDLKMYDWTIHVAFKKFELKESFSLLFYFASDGGDYDQENCFVGSINAFRGTAPETCANCQDNENLIQEGFIHLNHYLARDLESFEPQDVHKFLKEKGLSYKLYSRGDKPLTSLSVKIEGRPLHLPPGEHRPKYDHTQARVVFDDVAVHVIN,O42713,Agaricus bisporus,Agaricus,O42713,5341,True,1.14.18.1,556
sp|Q00024|PPO1_AGABI,sp|Q00024|PPO1_AGABI Polyphenol oxidase 1 OS=Agaricus bisporus OX=5341 GN=PPO1 PE=2 SV=1,MSHLLVSPLGGGVQPRLEINNFVKNDRQFSLYVQALDRMYATPQNETASYFQVAGVHGYPLIPFDDAVGPTEFSPFDQWTGYCTHGSTLFPTWHRPYVLILEQILSGHAQQIADTYTVNKSEWKKAATEFRHPYWDWASNSVPPPEVISLPKVTITTPNGQKTSVANPLMRYTFNSVNDGGFYGPYNQWDTTLRQPDSTGVNAKDNVNRLKSVLKNAQASLTRATYDMFNRVTTWPHFSSHTPASGGSTSNSIEAIHDNIHVLVGGNGHMSDPSVAPFDPIFFLHHANVDRLIALWSAIRYDVWTSPGDAQFGTYTLRYKQSVDESTDLAPWWKTQNEYWKSNELRSTESLGYTYPEFVGLDMYNKDAVNKTISRKVAQLYGPQRGGQRSLVEDLSNSHARRSQRPAKRSRLGQLLKGLFSDWSAQIKFNRHEVGQSFSVCLFLGNVPEDPREWLVSPNLVGARHAFVRSVKTDHVAEEIGFIPINQWIAEHTGLPSFAVDLVKPLLAQGLQWRVLLADGTPAELDSLEVTILEVPSELTDDEPNPRSRPPRYHKDITHGKRGGCREA,Q00024,Agaricus bisporus,Agaricus,Q00024,5341,True,1.14.18.1,568
sp|Q0D1P0|TERB_ASPTN,sp|Q0D1P0|TERB_ASPTN 6-hydroxymellein synthase terB OS=Aspergillus terreus (strain NIH 2624 / FGSC A1156) OX=341663 GN=terB PE=1 SV=1,MKVDMHQAEQWPSQRLLGSRAPQSNDNELSWTSVLNSEEDPWLYDQILFGRRTFPVAGYVAIAGECMRQLSDSKLEFFSTKDLSIGSSLVFDPDDKLELHTTLRPQRLDEENRQWYEIEIASRNGGQSTALCTGLVAREVLDTQILPDLTRHGDSNWPVSPDYWYDMVADRGIEYGASQRGLNDISVDFTENKASATILPALDTTDSVAHPVFIDHCLQLSMVAACKGQGRLLADLSVVTSIQHLVVSNNAWSKLRVNSVVTPGRLQNLTCNFSAVNENGLPILSGQCNITPIPDLERQSDGKLFSFINWATDSTFHNLNQSLAPFQSDLDSTVALERLALLYALRSEDIGAQSQPYSKKILKKIGTKRKGRFGLVPDVSPFVGCGPSGRAELIKLLKAQISGTELSSLGHALERCLTENTPFSGSNRERQLLLDQLHPLIRNSGTLCESLRLLAYKNPKMNVLELGSGRKDSSNLVLKALRTQFDEQLYSSYLSASASLDATTGPKESSRTNGHVQPLVFDAEKSIEEQGLKAGSYDLIIITDVAALGSNAALGAKSLKRLIRPQGHVLLLEGVPEPEWLLVLKDYLTKESPEASTGSKTKSSFEDVSAALTKNGFVFEDPDNKLTSAPKVFARLKQPVPETSSEITVVGPTYHLPLIREVEKTFGDHNIKCVKSTMDDDIPPGRDIMVFVDFDEPYVYNITEAELSKFVKLVSGMKGKMIWVTPSAQIYCKNPNSSLILGLMRTMRSEFKKDITTVELDPKRTMNVSLSKSLLQIYEGLSRRGKSKDLDPDYEYAIVDGVIKTPRLQWTTAEAEYAHLASLRAEQDSGPQSCHMAATVRFRPDCCYLLVGGLGGLGRMISAWMVENGARHIIFFSRSAKEGPETTPFFDRLRAQGCTVTPFVGSVTNLPDVEEAIKQATAPVAGVIQMSAVMRVRIFAFDPEPLLTGIEG,Q0D1P0,Aspergillus terreus,Aspergillus,Q0D1P0,341663,True,2.3.1.-,952
sp|Q0D1P1|TERC_ASPTN,sp|Q0D1P1|TERC_ASPTN FAD-dependent monooxygenase terC OS=Aspergillus terreus (strain NIH 2624 / FGSC A1156) OX=341663 GN=terC PE=1 SV=1,MLRRAGVLEDVRRAGFVPKNWSFRKADGTPIVTIEDFAPSKSPDATTVLPIDTLGKILWCHALKNDHISVRWGCHVVDVGQDKDSAWVSVRENGGTEKIIKADFVCGCDGAASQVRKSLFGGEFRGKTWTDQMVATNVYYPFDEWGYDDLNTLIDPDDWHIVARLTKDGLWRVSYRQDGSKSLREVLDEHPARFEHLLPGHPKPDDYTILNISPYRLHQRSAEKYRVGRICLAADAAHLCNPWGGLGLTGGFADAIGLSECLIGIHMGRADHSILDKYDEVRRAIYWNFTDPISTSNFMRVSTSDPETILEKDPVMATFARMHEDSKIREDFDRVCSHPNIFVDLASLSQHIYGILHDFTQYYSTGKGQASL,Q0D1P1,Aspergillus terreus,Aspergillus,Q0D1P1,341663,True,1.-.-.-,372
sp|Q0D1P2|TERD_ASPTN,sp|Q0D1P2|TERD_ASPTN FAD-dependent monooxygenase terD OS=Aspergillus terreus (strain NIH 2624 / FGSC A1156) OX=341663 GN=terD PE=1 SV=1,MSSKFDVVICGSGTAGLAAATWLAQYGVDCKILESRSGPLDVGQADGIQVRSVEIFESFGMAEELLREAYHNIEVAFWGSNPTSSGMGIVRKRSAHATTPGLSHMPRVILNQARFNEMWLEAMRRRNGQEVDYGHKVTKVTVDEEKATDPDAYPVTIVAQKDGQEQVFEAKYCLASDGAHSAVRKSLGFNMVGETSDSVWGVMDVFPRTNFPDIRKQCIIQSDAGSIITIPREGGSMVRVYVELAAGTNAKEVTLEQIQNASRQVFHPYALDVADVWWWSAYPIGQRIADHFSKANRVFLTGDACHTHSPKAGQGMNVSLQDGYNIGWKLASVLKGHAGPELLETYVLERQKVADVLINWDKVWAKQMCSIAKEDGGVVDANGKIDFSEVFVKAEAFTAGLTVTYGDSIITQAGDSNQQAATNLKVGMRLPAAQVVRFCDAKVMKTVNALPSDGRWRIMIFPGDIRQPSASTRLAQLGTYLFSNHGPIRKYLPPGADIDSLIEVIVILSGERLEIQQDQIPDAFWPTTGKYRMRDLHKIYIDDETYHNGHGHAYDFYGIDPERGAVAIVRPDQYISKVLDMKNHEGISAFFEKFLQKKGQANGSLNSHDEWTLA,Q0D1P2,Aspergillus terreus,Aspergillus,Q0D1P2,341663,True,1.-.-.-,614
sp|Q0D1P3|TERE_ASPTN,sp|Q0D1P3|TERE_ASPTN Multicopper oxidase terE OS=Aspergillus terreus (strain NIH 2624 / FGSC A1156) OX=341663 GN=terE PE=1 SV=1,MHWHGLSQSTAPFSDGSPQASQWPIKPGEYFDYEIRPNVGEAGTHFYHSHVGFQAVSAAGPLIVEEKHGKSPPFPYDEERILFISELYNKTDSMTETELLRPYDVVRCFPGMSANETDTPEPWVMPDPSLVESCGPEVIQVDPDKTYRMRVIGGPALNLVTMGFEDHQELSIMAADGKYTKLAKTERIQIASGQRFDFLLHTKTEDELRRLGKSAFWIQMESRYRPMNVSSYALLSYNTPSDLAFNQTTDLVPPEKQPLTLPNKVYDWLEYVLEPLEPNGFPTADKVNRTVVLTSLQLIAKEGVYAAVSNRTWTETNQHRNNTPFWKREHQAGTPYLVDIFRRGDEAIPDYETTVQKHGGWDPDLNVYVAKVGEVIDIIMVNQPNGLDIGFDLHPWHIHGGHIYDLGSGPGSYNATANEEKLKGYNPVIRDTTMLYKYTPGQYVGENKNFTDQGWRAWRLHVQDPGVWMVHCHTLQHMIMGMQTVWMMGNASEITRGVSPESLEGYLNYGGDAYGNASYDPIVQHHFDYGLQQILQ,Q0D1P3,Aspergillus terreus,Aspergillus,Q0D1P3,341663,True,1.-.-.-,536
sp|Q0D1P4|TERF_ASPTN,sp|Q0D1P4|TERF_ASPTN Kelch-like protein terF OS=Aspergillus terreus (strain NIH 2624 / FGSC A1156) OX=341663 GN=terF PE=1 SV=1,MPPTISDDTTVRSFTCAQPLGRAGYELIIRQMLHRFLSDLHTTKALLDRSLQATVNHAAGPVRSLLTIITVGFYTLLNWCSLGSYHTTKMISTVVTGLLLLASGCEALPTNQTPLPGKWSTLPNITLNGVEYPRQEHAAALVGDEIFVLGGILPWDGKEYATTNIVQKYNMITGTWTETAPMPAALNHANVAVVDGKIYYLGGLEAVDETYWNATGKSAVYDPATDEWTVLPSMPEGREIGSAATVVVDDTIYLPGGLAYTNITYDQEGTVSRFSSYNVRTQEWTTLPDLPAPRDHAGKGIYRDMLYILGGREFGNKNVVSTVFGFNLTSQQWATAFEPMPIARGGVASATIGSLIFTAGGEGDRRTPTAVFPEMQAYDAATNTWVDYADMPLPVHGSDAVVYKGEIVIPGGGIVTGATLTPVVQTFQPPLPDSGEKSMPLMVMVYRVVFDLPWMLFKR,Q0D1P4,Aspergillus terreus,Aspergillus,Q0D1P4,341663,True,,459
sp|Q0D1P5|TERR_ASPTN,sp|Q0D1P5|TERR_ASPTN Terrein cluster-specific transcription factor terR OS=Aspergillus terreus (strain NIH 2624 / FGSC A1156) OX=341663 GN=terR PE=1 SV=1,MFAELNAKDQFNELLKHLSSTSCTTMQADRVETSSSVRKKKWMSRRRGACDMCKSKKVRCDGGTPCSYCNLHDLRCEYQLSKKQQTNKPPVASAAEDVSIVPSYAENNGSGVTTQVPSPSDVQVLPELTANRGSGNAGNILQDMMLATNDRHSMPVMFDGYAHDNFSASPIEWVGSDSLAAPFSVDMGNLNALGTLPWSPPKTAYSEPNLDIPYPIEHTTDVSASLPSISQFELNLPLSPAGPTRDMYDEKMWEEVSPKRQRLGNLSPTQQDEVEAIFRRLSDAQSQMSFGLGGEQYDSHSRWYWSDTALMEKCKSACFEEPLGISTFLTRSHFDDYVQQARESPSIQGLAVRPLIDSVMAFGFHILAARSQPSAGSDVSRKAITRLRMALSSRDAVQRSPDTLLKLQMTISEQIDHKIHTELLSYAVSCARSRRFLHRDSVYMTMTKEKEYLARRSMWYLYSMEVVHSIRDGMPPILTPDWTDYALPEVGKDTDTDWLLIQCQHANALSSAVNALYSPRALCQTVAERERNMMQAHKLLENWRTSLPVHLQNIHRHETGYVALDDQKTRHLTLTMVGKYHEAIFIIFFPWTGSQSKGLISEHYRKRSMELCVKSAQAVLAIAARITSCDILGGSLAS,Q0D1P5,Aspergillus terreus,Aspergillus,Q0D1P5,341663,True,,638
sp|Q4WHT7|MAIA_ASPFU,sp|Q4WHT7|MAIA_ASPFU Maleylacetoacetate isomerase maiA OS=Aspergillus fumigatus (strain ATCC MYA-4609 / CBS 101355 / FGSC A1100 / Af293) OX=330879 GN=maiA PE=2 SV=1,MEDSTSPKVTLYTYFRSSCSARLRIALNLKSIPYTPIAVNLLKGEQSSPENIALNPSGTVPTLIVEHDSKEPVTITQSLAALEYLEEITPASSHALLPPASNPEARAVVRTLVDIMSCDVQPVTNLRILKRVAPFGVDRAAWSKDLIEDGFRAYEAIAAKSAGLFSVGDSITMADVCLLPAVWGAERAGVKVEKFPTIYRVAQRLEEEDAVKRAHWRTQPDTPEEFRVSSS,Q4WHT7,Aspergillus fumigatus,Aspergillus,Q4WHT7,330879,True,5.2.1.2,231
sp|Q4WHU0|HMGX_ASPFU,sp|Q4WHU0|HMGX_ASPFU L-tyrosine degradation gene cluster protein hmgX OS=Aspergillus fumigatus (strain ATCC MYA-4609 / CBS 101355 / FGSC A1100 / Af293) OX=330879 GN=hmgX PE=2 SV=1,MASGTTIQPSRPSLTSNDSAVLQALFDAESSPSSAVAIDPSLSPFPEYLHISASDHESLKARELSIIRSLQSDDVSMDTITSAIRDLDALITEHPTYPSAYVNRAQALRLHIEKTAEASTDPEEAIFTPGNTESASRLFSDLGQAISLCTPRSPADPVSTVQARILADSHTHRGYLLLKAARLKKNANGNEMVGGPDKLRDMGPDQLEEMASRDFFFGGRYGNKVAQQLAVQTNPYAKMCGAIVKEALRKEVEGVI,Q4WHU0,Aspergillus fumigatus,Aspergillus,Q4WHU0,330879,True,,256
sp|Q4WQL4|WETA_ASPFU,sp|Q4WQL4|WETA_ASPFU Developmental regulatory protein wetA OS=Aspergillus fumigatus (strain ATCC MYA-4609 / CBS 101355 / FGSC A1100 / Af293) OX=330879 GN=wetA PE=2 SV=1,MFAQPFDHAFNDLFSQYVDMDSSMVDGNKDVSIPSDFDQIFSLDSLSSDCGDHSPPVPTKPTHQSPQPWATDLWSLPQDAASSASQCSFTFQDTVHPSAVSDLSFHLEAPPTSHPVPAVTCKASSRSPSTPPATPHHKSTKSALVTPKSIRRHRDSHERKLLRKQSFSPSLMRPSQLQAGRMMYPEAWAQRFQNFSLHSSGEHLPLSPPPSDILVQHENTPADNVVTHMNHSTEGLSRNPAEMPSHYETGIFNQSPAISMPSPSAKLLAQQQQHNYLSQSNNSTMATSSPPSGDDIFSSPHSSDPQSLSSWHSDSLGGSALPFTPELQAHDGQAWWPSMPSRVPRQPSYQHVVSSPAPQRSIQSNNQHDLMQGGLMIQFDSSFDGSTSADPSFSSVVTSAPMPQENQNMYSHIPVTPQKYMNLSAYATPPVQHTSRSPSLSPRGRGSPTQGSPLRNEASTKTSPHRRGYHGRKLSSQSMNTPKPVKGPNSSSPGSGSNKSLTVSFVNFTPNDSKKILTGVAPSGSSKTKARREQEARDRRRKLSEAAINAVRKAGGDVEALEAVLC,Q4WQL4,Aspergillus fumigatus,Aspergillus,Q4WQL4,330879,True,,566
sp|W3X7S0|PFMAF_PESFW,sp|W3X7S0|PFMAF_PESFW Transcription factor PfmaF OS=Pestalotiopsis fici (strain W106-1 / CGMCC3.15140) OX=1229662 GN=PfmaF PE=3 SV=1,MSPPHSEHSNVPSDVAAGGGPKKSPPAGTQKLRAPRMRASCDGCFLAKVKCSKGKPMCQRCMTTGLACKYSPSSRSGKPKASDNGNILNGAPRHAKREGLQFSSPVFEGSQDLMAGPAQFMQNNWGSNQQAMWDLPTHQDPGTNFGSGPLNESLGQDIGIMDGISHDGGVMPFSENLADTNPWQSQNPSSSFSQMLPGSSGSMIHGRSQSTDMMISLVAANFQDTNAQAGPSHGPPLGQMAGPSHGPLGQMAVPLHGPPLGQMAGLSHGPLGQMTSPPNPAHARHHSDPAIGTGHVLSCNFDCTHQSLQRLNFMLATSSWPSDMLMTANENLCDAWRVIMRCPNCMGSGARRYMALAFLATSMQIQSRRLQAFLDTVKPNHDGVFPTVSNPAEKLNRLGTAITQIDQAYALLLRSFNNEMIEHPGVAQALANGVHKSLDAAVSLLLRKRTELAGTN,W3X7S0,Pestalotiopsis fici,Pestalotiopsis,W3X7S0,1229662,True,,456
sp|W3X9K7|PFMAH_PESFW,sp|W3X9K7|PFMAH_PESFW Transcription factor PfmaH OS=Pestalotiopsis fici (strain W106-1 / CGMCC3.15140) OX=1229662 GN=PfmaH PE=2 SV=1,MLMISNCSRDLLQRHFSNYHDPSASEAPVAGAGPSVAGKTPIACLNCSQAKTGCNKEVPCQRCQDKGLHCVQRYARRTSKLAARSQAAATAAAAQASRVAQVTPVTVQQSLPNVSVSIEPSQTLSQIQPPLVHEGGASVTMDPAILEMPLMNSFMKQQDPEVHDGSSPANSITFPLPIHLKAESPRQRTASVDLNFNNMNSEPSPPSIEPMEDQSWVNSLMSNDPNFGPGNMFSSTYDLGYQLGPSYADPTTDFSQMSQSMLQHDASMSSMEFAGSPSGVSPFGDLSTSNSEPSSSSWGSSHTRATSICSAHCLYDQSGEFDVTSNSAKQGLPISTDSDVILTEAAWPMARCTPPIYSGACPRTALGHLQRLEQKSSYQGARPFAWHTLERELSSLNWDNADLASVVPMNSQTRDSLMSISQRFHARALDIHRENDPGRDKSPLGSNCGPMSFLNLPSSKVLEFFMKSYVRSLTSFYSLVSEGRIDPNQMHRNDPASIILMLLMIAQGASAVDSEDARILSMGLIETCRISLLDIIDKNVEMSADPTALRAALLFAHLGAWSGDKWLMDIAMGQRGMYISMLKHAGMLTAQPPICPVLDGDQGQKNSWRLWLQVETKNRLVYDWVMVDQELSLFHDTDPQLDVSELRASLPCSEKLWKSSTVEQWADAVQCYLSKGNPHPLTPPSLYHLYREFLEQKLVDGRVGLTAHQLRLLLHPIQKMLCQQRQTLTCFSDMFVPDQPGHVSFSKAYVMRQVEVVRSLLSRWHDLAMRCLNMNPDCTIMRTNMVLYHLISLNAVTNFPEIESFARQERYDGSYWGSRHQRCIYNRQQAVHDCGQVFSILRNLPTDRLPTWWSAAIYRATMILWADSALQSQSQAHASLSPPEATEGQYAMNAPQDFNHTLDYNVIPYVTRSDGTPFHLDRHSEVLDYAICAIDQGASSRLGEGIKRKLIALGNNWH,W3X9K7,Pestalotiopsis fici,Pestalotiopsis,W3X9K7,1229662,True,,958
sp|A0A0B4FAW4|ARP1_METAF,sp|A0A0B4FAW4|ARP1_METAF Scytalone dehydratase-like protein Arp1 OS=Metarhizium anisopliae (strain ARSEF 549) OX=3151832 GN=Arp1 PE=3 SV=1,MTQSSTPAVETDSKTGSSKAISFQDYLDLSKQAFHNQQPLHLLTQRISFQDWARLRAILAPALYVDYTKIGKEKWDAMSADDFMAMVSNDDFLGDPCVKTQHLIGATYWERVSESKVIGHHQLRAAHQVYTSPDLKTVKLRGHSHATNEHYYVKSGGVWKFAGLKPEVRWNEYKFEEVFKGSYTQSEKHS,A0A0B4FAW4,Metarhizium anisopliae,Metarhizium,A0A0B4FAW4,3151832,True,4.2.1.-,190
sp|A0A0B4H2J9|ARP1_METGA,sp|A0A0B4H2J9|ARP1_METGA Scytalone dehydratase-like protein Arp1 OS=Metarhizium guizhouense (strain ARSEF 977) OX=1276136 GN=Arp1 PE=3 SV=1,MSQSLTSSVETDSKTGSSKAISFQDYLDLSALDWARLRAILAPTLYVDYTKIGKEKWDAMSADDFMAMVSNDDFLGDPCVKTQHLIGATYWERVSESKVIGHHQLRAAHQVYTSPDLKTVKLRGHSHATNEHYYVKSSGVWKFAGLKPEVRWNEYKFEEVFKGSYTQSEKQS,A0A0B4H2J9,Metarhizium guizhouense,Metarhizium,A0A0B4H2J9,1276136,True,4.2.1.-,172
sp|A0A2I1C3Z1|NSRI_ASPN1,sp|A0A2I1C3Z1|NSRI_ASPN1 Scytalone dehydratase-like protein nsrI OS=Aspergillus novofumigatus (strain IBT 16806) OX=1392255 GN=nsrI PE=1 SV=1,MTKTVPPKTPAYEDTVGCQIALFEWAESYDTKDWGRLAKCIAPTLRIDYRNVIGKLWEAMPADEFLAMASSEKFLGNARIKTQHFVGAGKLVQTHEDRITGYHQMRVAHQRYSDDALTEVLYTGHGHGKATVQFCLVDGVWKFAGLEPEIRWAENDLEKIFE,A0A2I1C3Z1,Aspergillus novofumigatus,Aspergillus,A0A2I1C3Z1,1392255,True,4.2.1.-,162
sp|A0A4P8DJH6|DMR17_CRYX8,sp|A0A4P8DJH6|DMR17_CRYX8 Scytalone dehydratase-like protein dmxR17 OS=Cryptosporiopsis sp. (strain 8999) OX=2572248 GN=dmxR17 PE=3 SV=1,MSKQPASEDIFGCQAALYEWAESYDSKDWDRLSKCIAPVLRVDYRAFLNQLWEAMPAPEFVGMVSNERFLGNQRLKTQHFVGGASKWVQTSESEITGYHQMRVAHQKYADDALTEVALKGHGHGKATIWYRKVDGEWKFAGLEPGDRWGEFDYDKIFLHE,A0A4P8DJH6,Cryptosporiopsis sp.,Cryptosporiopsis,A0A4P8DJH6,2572248,True,4.2.1.-,160
sp|E9ET41|ARP1_METRA,sp|E9ET41|ARP1_METRA Scytalone dehydratase-like protein Arp1 OS=Metarhizium robertsii (strain ARSEF 23 / ATCC MYA-3075) OX=655844 GN=Arp1 PE=3 SV=2,MNQSLTPSAGTDSKTGSSKAISFQDYLDLSTLDWARLRAILAPALYVDYTKIGKEKWDAMSADDFMAMVSNDDFLGDPCVKTQHLIGATYWERVSESKVIGHHQLRAAHQVYTSPDLKTVKLRGHSHATNEHYYVKSSGVWKFAGLKPEVRWNEYKFEEVFKGSYTQSEKHS,E9ET41,Metarhizium robertsii,Metarhizium,E9ET41,655844,True,4.2.1.-,172
sp|F9XMW5|TF29_ZYMTI,sp|F9XMW5|TF29_ZYMTI Transcription factor MYCGRDRAFT_87993 OS=Zymoseptoria tritici (strain CBS 115943 / IPO323) OX=336722 GN=MYCGRDRAFT_87993 PE=3 SV=1,MVFCTYCGQSFTRDEHLERHILTHTNVKPFKCFTCHMSFARRDLLQRHYTVHGRDQNQNEIPAVNGMIPKSAGRTPIACSNCAKTKTKCDKKFPCSRCAGRNLRCTLRPTRRASKNANRVGATLESATDVPTEVTTVNVEATSKDTRAQENSSSPSSQKSGTPISIGPIMEETPDIAPPQPFTEQVNGGPTPPEFSPDLQESFMDHNLMSGFPGLTNPSKDSSDDGSSPRFLLDWSQMQMPLGYDNMIQSDLMLDPELSFDPNSVPLAPHADGILSIMPELANGGMESLITPFETPKMSRSFVELGLGNSNPAFHSHRHQSMPSVQSIPNSGNEMPAMIAAQDGWSAFRCTPTLPSSSCPKTAKLNLEQLEETLRNHEGWVSWSPRWEDNDLAGGGDHLTVMQLHESTRDKLLAIMQSFLHKALETHREGRGTSNGSHSPNPSGASNFVLLPPGRVLEYFLRSYSNSFERYFPLTSRSTLDANELMHCYNDRAASILVLLMIAQGAANIPSPEARMLTGGLTEACRISLFDLIERNIIMSGDPIVLHSALLFTVQAAWSGDKWQMDIAMGQRGMYFAMLRHSGVLDRSSHAASAQPQRTLEQLWTDWIQNESRSRLIYSWVMVDQDLALFHDTAPLFSVTEFGAPMPDADRLWHAKSAEQWSSTFERVHEFSSGFSSVGSGARPLSLRDLFRHFLDDDLIPMGIEMTPLQLRLLLHPLQSMVCQFSQLLSCFAPATYRTSISVHPNQAQPSSRNISQSSTRTRLAEVQALLQRWFDLAERYLKANPLCALMQTNLILFHLISLNAVTNFPEIERLARRENVDGTYHQLLWLHKRCIPDVEEAVFHCGQIFRLVRSMPRGVRPPWWAGAIYRVALILWTDSLTHKDALTSTSPQGNGMFPSPIAGPSFAIDALPPDHALIVRYLTKREGVPCVTKLDGSQMGLERAYPVLRHCVEVIDEGCSTRFSDAIRGKLERLSRG,F9XMW5,Zymoseptoria tritici,Zymoseptoria,F9XMW5,336722,True,,978
